DateKey,Date,Day,Month,MonthShort,MonthNo,Quarter,Year
20180101,2018-01-01,Monday,January,Jan,1,1,2018
20180102,2018-01-02,Tuesday,January,Jan,1,1,2018
20180103,2018-01-03,Wednesday,January,Jan,1,1,2018
20180104,2018-01-04,Thursday,January,Jan,1,1,2018
20180105,2018-01-05,Friday,January,Jan,1,1,2018
20180106,2018-01-06,Saturday,January,Jan,1,1,2018
20180107,2018-01-07,Sunday,January,Jan,1,1,2018
20180108,2018-01-08,Monday,January,Jan,1,1,2018
20180109,2018-01-09,Tuesday,January,Jan,1,1,2018
20180110,2018-01-10,Wednesday,January,Jan,1,1,2018
20180111,2018-01-11,Thursday,January,Jan,1,1,2018
20180112,2018-01-12,Friday,January,Jan,1,1,2018
20180113,2018-01-13,Saturday,January,Jan,1,1,2018
20180114,2018-01-14,Sunday,January,Jan,1,1,2018
20180115,2018-01-15,Monday,January,Jan,1,1,2018
20180116,2018-01-16,Tuesday,January,Jan,1,1,2018
20180117,2018-01-17,Wednesday,January,Jan,1,1,2018
20180118,2018-01-18,Thursday,January,Jan,1,1,2018
20180119,2018-01-19,Friday,January,Jan,1,1,2018
20180120,2018-01-20,Saturday,January,Jan,1,1,2018
20180121,2018-01-21,Sunday,January,Jan,1,1,2018
20180122,2018-01-22,Monday,January,Jan,1,1,2018
20180123,2018-01-23,Tuesday,January,Jan,1,1,2018
20180124,2018-01-24,Wednesday,January,Jan,1,1,2018
20180125,2018-01-25,Thursday,January,Jan,1,1,2018
20180126,2018-01-26,Friday,January,Jan,1,1,2018
20180127,2018-01-27,Saturday,January,Jan,1,1,2018
20180128,2018-01-28,Sunday,January,Jan,1,1,2018
20180129,2018-01-29,Monday,January,Jan,1,1,2018
20180130,2018-01-30,Tuesday,January,Jan,1,1,2018
20180131,2018-01-31,Wednesday,January,Jan,1,1,2018
20180201,2018-02-01,Thursday,February,Feb,2,1,2018
20180202,2018-02-02,Friday,February,Feb,2,1,2018
20180203,2018-02-03,Saturday,February,Feb,2,1,2018
20180204,2018-02-04,Sunday,February,Feb,2,1,2018
20180205,2018-02-05,Monday,February,Feb,2,1,2018
20180206,2018-02-06,Tuesday,February,Feb,2,1,2018
20180207,2018-02-07,Wednesday,February,Feb,2,1,2018
20180208,2018-02-08,Thursday,February,Feb,2,1,2018
20180209,2018-02-09,Friday,February,Feb,2,1,2018
20180210,2018-02-10,Saturday,February,Feb,2,1,2018
20180211,2018-02-11,Sunday,February,Feb,2,1,2018
20180212,2018-02-12,Monday,February,Feb,2,1,2018
20180213,2018-02-13,Tuesday,February,Feb,2,1,2018
20180214,2018-02-14,Wednesday,February,Feb,2,1,2018
20180215,2018-02-15,Thursday,February,Feb,2,1,2018
20180216,2018-02-16,Friday,February,Feb,2,1,2018
20180217,2018-02-17,Saturday,February,Feb,2,1,2018
20180218,2018-02-18,Sunday,February,Feb,2,1,2018
20180219,2018-02-19,Monday,February,Feb,2,1,2018
20180220,2018-02-20,Tuesday,February,Feb,2,1,2018
20180221,2018-02-21,Wednesday,February,Feb,2,1,2018
20180222,2018-02-22,Thursday,February,Feb,2,1,2018
20180223,2018-02-23,Friday,February,Feb,2,1,2018
20180224,2018-02-24,Saturday,February,Feb,2,1,2018
20180225,2018-02-25,Sunday,February,Feb,2,1,2018
20180226,2018-02-26,Monday,February,Feb,2,1,2018
20180227,2018-02-27,Tuesday,February,Feb,2,1,2018
20180228,2018-02-28,Wednesday,February,Feb,2,1,2018
20180301,2018-03-01,Thursday,March,Mar,3,1,2018
20180302,2018-03-02,Friday,March,Mar,3,1,2018
20180303,2018-03-03,Saturday,March,Mar,3,1,2018
20180304,2018-03-04,Sunday,March,Mar,3,1,2018
20180305,2018-03-05,Monday,March,Mar,3,1,2018
20180306,2018-03-06,Tuesday,March,Mar,3,1,2018
20180307,2018-03-07,Wednesday,March,Mar,3,1,2018
20180308,2018-03-08,Thursday,March,Mar,3,1,2018
20180309,2018-03-09,Friday,March,Mar,3,1,2018
20180310,2018-03-10,Saturday,March,Mar,3,1,2018
20180311,2018-03-11,Sunday,March,Mar,3,1,2018
20180312,2018-03-12,Monday,March,Mar,3,1,2018
20180313,2018-03-13,Tuesday,March,Mar,3,1,2018
20180314,2018-03-14,Wednesday,March,Mar,3,1,2018
20180315,2018-03-15,Thursday,March,Mar,3,1,2018
20180316,2018-03-16,Friday,March,Mar,3,1,2018
20180317,2018-03-17,Saturday,March,Mar,3,1,2018
20180318,2018-03-18,Sunday,March,Mar,3,1,2018
20180319,2018-03-19,Monday,March,Mar,3,1,2018
20180320,2018-03-20,Tuesday,March,Mar,3,1,2018
20180321,2018-03-21,Wednesday,March,Mar,3,1,2018
20180322,2018-03-22,Thursday,March,Mar,3,1,2018
20180323,2018-03-23,Friday,March,Mar,3,1,2018
20180324,2018-03-24,Saturday,March,Mar,3,1,2018
20180325,2018-03-25,Sunday,March,Mar,3,1,2018
20180326,2018-03-26,Monday,March,Mar,3,1,2018
20180327,2018-03-27,Tuesday,March,Mar,3,1,2018
20180328,2018-03-28,Wednesday,March,Mar,3,1,2018
20180329,2018-03-29,Thursday,March,Mar,3,1,2018
20180330,2018-03-30,Friday,March,Mar,3,1,2018
20180331,2018-03-31,Saturday,March,Mar,3,1,2018
20180401,2018-04-01,Sunday,April,Apr,4,2,2018
20180402,2018-04-02,Monday,April,Apr,4,2,2018
20180403,2018-04-03,Tuesday,April,Apr,4,2,2018
20180404,2018-04-04,Wednesday,April,Apr,4,2,2018
20180405,2018-04-05,Thursday,April,Apr,4,2,2018
20180406,2018-04-06,Friday,April,Apr,4,2,2018
20180407,2018-04-07,Saturday,April,Apr,4,2,2018
20180408,2018-04-08,Sunday,April,Apr,4,2,2018
20180409,2018-04-09,Monday,April,Apr,4,2,2018
20180410,2018-04-10,Tuesday,April,Apr,4,2,2018
20180411,2018-04-11,Wednesday,April,Apr,4,2,2018
20180412,2018-04-12,Thursday,April,Apr,4,2,2018
20180413,2018-04-13,Friday,April,Apr,4,2,2018
20180414,2018-04-14,Saturday,April,Apr,4,2,2018
20180415,2018-04-15,Sunday,April,Apr,4,2,2018
20180416,2018-04-16,Monday,April,Apr,4,2,2018
20180417,2018-04-17,Tuesday,April,Apr,4,2,2018
20180418,2018-04-18,Wednesday,April,Apr,4,2,2018
20180419,2018-04-19,Thursday,April,Apr,4,2,2018
20180420,2018-04-20,Friday,April,Apr,4,2,2018
20180421,2018-04-21,Saturday,April,Apr,4,2,2018
20180422,2018-04-22,Sunday,April,Apr,4,2,2018
20180423,2018-04-23,Monday,April,Apr,4,2,2018
20180424,2018-04-24,Tuesday,April,Apr,4,2,2018
20180425,2018-04-25,Wednesday,April,Apr,4,2,2018
20180426,2018-04-26,Thursday,April,Apr,4,2,2018
20180427,2018-04-27,Friday,April,Apr,4,2,2018
20180428,2018-04-28,Saturday,April,Apr,4,2,2018
20180429,2018-04-29,Sunday,April,Apr,4,2,2018
20180430,2018-04-30,Monday,April,Apr,4,2,2018
20180501,2018-05-01,Tuesday,May,May,5,2,2018
20180502,2018-05-02,Wednesday,May,May,5,2,2018
20180503,2018-05-03,Thursday,May,May,5,2,2018
20180504,2018-05-04,Friday,May,May,5,2,2018
20180505,2018-05-05,Saturday,May,May,5,2,2018
20180506,2018-05-06,Sunday,May,May,5,2,2018
20180507,2018-05-07,Monday,May,May,5,2,2018
20180508,2018-05-08,Tuesday,May,May,5,2,2018
20180509,2018-05-09,Wednesday,May,May,5,2,2018
20180510,2018-05-10,Thursday,May,May,5,2,2018
20180511,2018-05-11,Friday,May,May,5,2,2018
20180512,2018-05-12,Saturday,May,May,5,2,2018
20180513,2018-05-13,Sunday,May,May,5,2,2018
20180514,2018-05-14,Monday,May,May,5,2,2018
20180515,2018-05-15,Tuesday,May,May,5,2,2018
20180516,2018-05-16,Wednesday,May,May,5,2,2018
20180517,2018-05-17,Thursday,May,May,5,2,2018
20180518,2018-05-18,Friday,May,May,5,2,2018
20180519,2018-05-19,Saturday,May,May,5,2,2018
20180520,2018-05-20,Sunday,May,May,5,2,2018
20180521,2018-05-21,Monday,May,May,5,2,2018
20180522,2018-05-22,Tuesday,May,May,5,2,2018
20180523,2018-05-23,Wednesday,May,May,5,2,2018
20180524,2018-05-24,Thursday,May,May,5,2,2018
20180525,2018-05-25,Friday,May,May,5,2,2018
20180526,2018-05-26,Saturday,May,May,5,2,2018
20180527,2018-05-27,Sunday,May,May,5,2,2018
20180528,2018-05-28,Monday,May,May,5,2,2018
20180529,2018-05-29,Tuesday,May,May,5,2,2018
20180530,2018-05-30,Wednesday,May,May,5,2,2018
20180531,2018-05-31,Thursday,May,May,5,2,2018
20180601,2018-06-01,Friday,June,Jun,6,2,2018
20180602,2018-06-02,Saturday,June,Jun,6,2,2018
20180603,2018-06-03,Sunday,June,Jun,6,2,2018
20180604,2018-06-04,Monday,June,Jun,6,2,2018
20180605,2018-06-05,Tuesday,June,Jun,6,2,2018
20180606,2018-06-06,Wednesday,June,Jun,6,2,2018
20180607,2018-06-07,Thursday,June,Jun,6,2,2018
20180608,2018-06-08,Friday,June,Jun,6,2,2018
20180609,2018-06-09,Saturday,June,Jun,6,2,2018
20180610,2018-06-10,Sunday,June,Jun,6,2,2018
20180611,2018-06-11,Monday,June,Jun,6,2,2018
20180612,2018-06-12,Tuesday,June,Jun,6,2,2018
20180613,2018-06-13,Wednesday,June,Jun,6,2,2018
20180614,2018-06-14,Thursday,June,Jun,6,2,2018
20180615,2018-06-15,Friday,June,Jun,6,2,2018
20180616,2018-06-16,Saturday,June,Jun,6,2,2018
20180617,2018-06-17,Sunday,June,Jun,6,2,2018
20180618,2018-06-18,Monday,June,Jun,6,2,2018
20180619,2018-06-19,Tuesday,June,Jun,6,2,2018
20180620,2018-06-20,Wednesday,June,Jun,6,2,2018
20180621,2018-06-21,Thursday,June,Jun,6,2,2018
20180622,2018-06-22,Friday,June,Jun,6,2,2018
20180623,2018-06-23,Saturday,June,Jun,6,2,2018
20180624,2018-06-24,Sunday,June,Jun,6,2,2018
20180625,2018-06-25,Monday,June,Jun,6,2,2018
20180626,2018-06-26,Tuesday,June,Jun,6,2,2018
20180627,2018-06-27,Wednesday,June,Jun,6,2,2018
20180628,2018-06-28,Thursday,June,Jun,6,2,2018
20180629,2018-06-29,Friday,June,Jun,6,2,2018
20180630,2018-06-30,Saturday,June,Jun,6,2,2018
20180701,2018-07-01,Sunday,July,Jul,7,3,2018
20180702,2018-07-02,Monday,July,Jul,7,3,2018
20180703,2018-07-03,Tuesday,July,Jul,7,3,2018
20180704,2018-07-04,Wednesday,July,Jul,7,3,2018
20180705,2018-07-05,Thursday,July,Jul,7,3,2018
20180706,2018-07-06,Friday,July,Jul,7,3,2018
20180707,2018-07-07,Saturday,July,Jul,7,3,2018
20180708,2018-07-08,Sunday,July,Jul,7,3,2018
20180709,2018-07-09,Monday,July,Jul,7,3,2018
20180710,2018-07-10,Tuesday,July,Jul,7,3,2018
20180711,2018-07-11,Wednesday,July,Jul,7,3,2018
20180712,2018-07-12,Thursday,July,Jul,7,3,2018
20180713,2018-07-13,Friday,July,Jul,7,3,2018
20180714,2018-07-14,Saturday,July,Jul,7,3,2018
20180715,2018-07-15,Sunday,July,Jul,7,3,2018
20180716,2018-07-16,Monday,July,Jul,7,3,2018
20180717,2018-07-17,Tuesday,July,Jul,7,3,2018
20180718,2018-07-18,Wednesday,July,Jul,7,3,2018
20180719,2018-07-19,Thursday,July,Jul,7,3,2018
20180720,2018-07-20,Friday,July,Jul,7,3,2018
20180721,2018-07-21,Saturday,July,Jul,7,3,2018
20180722,2018-07-22,Sunday,July,Jul,7,3,2018
20180723,2018-07-23,Monday,July,Jul,7,3,2018
20180724,2018-07-24,Tuesday,July,Jul,7,3,2018
20180725,2018-07-25,Wednesday,July,Jul,7,3,2018
20180726,2018-07-26,Thursday,July,Jul,7,3,2018
20180727,2018-07-27,Friday,July,Jul,7,3,2018
20180728,2018-07-28,Saturday,July,Jul,7,3,2018
20180729,2018-07-29,Sunday,July,Jul,7,3,2018
20180730,2018-07-30,Monday,July,Jul,7,3,2018
20180731,2018-07-31,Tuesday,July,Jul,7,3,2018
20180801,2018-08-01,Wednesday,August,Aug,8,3,2018
20180802,2018-08-02,Thursday,August,Aug,8,3,2018
20180803,2018-08-03,Friday,August,Aug,8,3,2018
20180804,2018-08-04,Saturday,August,Aug,8,3,2018
20180805,2018-08-05,Sunday,August,Aug,8,3,2018
20180806,2018-08-06,Monday,August,Aug,8,3,2018
20180807,2018-08-07,Tuesday,August,Aug,8,3,2018
20180808,2018-08-08,Wednesday,August,Aug,8,3,2018
20180809,2018-08-09,Thursday,August,Aug,8,3,2018
20180810,2018-08-10,Friday,August,Aug,8,3,2018
20180811,2018-08-11,Saturday,August,Aug,8,3,2018
20180812,2018-08-12,Sunday,August,Aug,8,3,2018
20180813,2018-08-13,Monday,August,Aug,8,3,2018
20180814,2018-08-14,Tuesday,August,Aug,8,3,2018
20180815,2018-08-15,Wednesday,August,Aug,8,3,2018
20180816,2018-08-16,Thursday,August,Aug,8,3,2018
20180817,2018-08-17,Friday,August,Aug,8,3,2018
20180818,2018-08-18,Saturday,August,Aug,8,3,2018
20180819,2018-08-19,Sunday,August,Aug,8,3,2018
20180820,2018-08-20,Monday,August,Aug,8,3,2018
20180821,2018-08-21,Tuesday,August,Aug,8,3,2018
20180822,2018-08-22,Wednesday,August,Aug,8,3,2018
20180823,2018-08-23,Thursday,August,Aug,8,3,2018
20180824,2018-08-24,Friday,August,Aug,8,3,2018
20180825,2018-08-25,Saturday,August,Aug,8,3,2018
20180826,2018-08-26,Sunday,August,Aug,8,3,2018
20180827,2018-08-27,Monday,August,Aug,8,3,2018
20180828,2018-08-28,Tuesday,August,Aug,8,3,2018
20180829,2018-08-29,Wednesday,August,Aug,8,3,2018
20180830,2018-08-30,Thursday,August,Aug,8,3,2018
20180831,2018-08-31,Friday,August,Aug,8,3,2018
20180901,2018-09-01,Saturday,September,Sep,9,3,2018
20180902,2018-09-02,Sunday,September,Sep,9,3,2018
20180903,2018-09-03,Monday,September,Sep,9,3,2018
20180904,2018-09-04,Tuesday,September,Sep,9,3,2018
20180905,2018-09-05,Wednesday,September,Sep,9,3,2018
20180906,2018-09-06,Thursday,September,Sep,9,3,2018
20180907,2018-09-07,Friday,September,Sep,9,3,2018
20180908,2018-09-08,Saturday,September,Sep,9,3,2018
20180909,2018-09-09,Sunday,September,Sep,9,3,2018
20180910,2018-09-10,Monday,September,Sep,9,3,2018
20180911,2018-09-11,Tuesday,September,Sep,9,3,2018
20180912,2018-09-12,Wednesday,September,Sep,9,3,2018
20180913,2018-09-13,Thursday,September,Sep,9,3,2018
20180914,2018-09-14,Friday,September,Sep,9,3,2018
20180915,2018-09-15,Saturday,September,Sep,9,3,2018
20180916,2018-09-16,Sunday,September,Sep,9,3,2018
20180917,2018-09-17,Monday,September,Sep,9,3,2018
20180918,2018-09-18,Tuesday,September,Sep,9,3,2018
20180919,2018-09-19,Wednesday,September,Sep,9,3,2018
20180920,2018-09-20,Thursday,September,Sep,9,3,2018
20180921,2018-09-21,Friday,September,Sep,9,3,2018
20180922,2018-09-22,Saturday,September,Sep,9,3,2018
20180923,2018-09-23,Sunday,September,Sep,9,3,2018
20180924,2018-09-24,Monday,September,Sep,9,3,2018
20180925,2018-09-25,Tuesday,September,Sep,9,3,2018
20180926,2018-09-26,Wednesday,September,Sep,9,3,2018
20180927,2018-09-27,Thursday,September,Sep,9,3,2018
20180928,2018-09-28,Friday,September,Sep,9,3,2018
20180929,2018-09-29,Saturday,September,Sep,9,3,2018
20180930,2018-09-30,Sunday,September,Sep,9,3,2018
20181001,2018-10-01,Monday,October,Oct,10,4,2018
20181002,2018-10-02,Tuesday,October,Oct,10,4,2018
20181003,2018-10-03,Wednesday,October,Oct,10,4,2018
20181004,2018-10-04,Thursday,October,Oct,10,4,2018
20181005,2018-10-05,Friday,October,Oct,10,4,2018
20181006,2018-10-06,Saturday,October,Oct,10,4,2018
20181007,2018-10-07,Sunday,October,Oct,10,4,2018
20181008,2018-10-08,Monday,October,Oct,10,4,2018
20181009,2018-10-09,Tuesday,October,Oct,10,4,2018
20181010,2018-10-10,Wednesday,October,Oct,10,4,2018
20181011,2018-10-11,Thursday,October,Oct,10,4,2018
20181012,2018-10-12,Friday,October,Oct,10,4,2018
20181013,2018-10-13,Saturday,October,Oct,10,4,2018
20181014,2018-10-14,Sunday,October,Oct,10,4,2018
20181015,2018-10-15,Monday,October,Oct,10,4,2018
20181016,2018-10-16,Tuesday,October,Oct,10,4,2018
20181017,2018-10-17,Wednesday,October,Oct,10,4,2018
20181018,2018-10-18,Thursday,October,Oct,10,4,2018
20181019,2018-10-19,Friday,October,Oct,10,4,2018
20181020,2018-10-20,Saturday,October,Oct,10,4,2018
20181021,2018-10-21,Sunday,October,Oct,10,4,2018
20181022,2018-10-22,Monday,October,Oct,10,4,2018
20181023,2018-10-23,Tuesday,October,Oct,10,4,2018
20181024,2018-10-24,Wednesday,October,Oct,10,4,2018
20181025,2018-10-25,Thursday,October,Oct,10,4,2018
20181026,2018-10-26,Friday,October,Oct,10,4,2018
20181027,2018-10-27,Saturday,October,Oct,10,4,2018
20181028,2018-10-28,Sunday,October,Oct,10,4,2018
20181029,2018-10-29,Monday,October,Oct,10,4,2018
20181030,2018-10-30,Tuesday,October,Oct,10,4,2018
20181031,2018-10-31,Wednesday,October,Oct,10,4,2018
20181101,2018-11-01,Thursday,November,Nov,11,4,2018
20181102,2018-11-02,Friday,November,Nov,11,4,2018
20181103,2018-11-03,Saturday,November,Nov,11,4,2018
20181104,2018-11-04,Sunday,November,Nov,11,4,2018
20181105,2018-11-05,Monday,November,Nov,11,4,2018
20181106,2018-11-06,Tuesday,November,Nov,11,4,2018
20181107,2018-11-07,Wednesday,November,Nov,11,4,2018
20181108,2018-11-08,Thursday,November,Nov,11,4,2018
20181109,2018-11-09,Friday,November,Nov,11,4,2018
20181110,2018-11-10,Saturday,November,Nov,11,4,2018
20181111,2018-11-11,Sunday,November,Nov,11,4,2018
20181112,2018-11-12,Monday,November,Nov,11,4,2018
20181113,2018-11-13,Tuesday,November,Nov,11,4,2018
20181114,2018-11-14,Wednesday,November,Nov,11,4,2018
20181115,2018-11-15,Thursday,November,Nov,11,4,2018
20181116,2018-11-16,Friday,November,Nov,11,4,2018
20181117,2018-11-17,Saturday,November,Nov,11,4,2018
20181118,2018-11-18,Sunday,November,Nov,11,4,2018
20181119,2018-11-19,Monday,November,Nov,11,4,2018
20181120,2018-11-20,Tuesday,November,Nov,11,4,2018
20181121,2018-11-21,Wednesday,November,Nov,11,4,2018
20181122,2018-11-22,Thursday,November,Nov,11,4,2018
20181123,2018-11-23,Friday,November,Nov,11,4,2018
20181124,2018-11-24,Saturday,November,Nov,11,4,2018
20181125,2018-11-25,Sunday,November,Nov,11,4,2018
20181126,2018-11-26,Monday,November,Nov,11,4,2018
20181127,2018-11-27,Tuesday,November,Nov,11,4,2018
20181128,2018-11-28,Wednesday,November,Nov,11,4,2018
20181129,2018-11-29,Thursday,November,Nov,11,4,2018
20181130,2018-11-30,Friday,November,Nov,11,4,2018
20181201,2018-12-01,Saturday,December,Dec,12,4,2018
20181202,2018-12-02,Sunday,December,Dec,12,4,2018
20181203,2018-12-03,Monday,December,Dec,12,4,2018
20181204,2018-12-04,Tuesday,December,Dec,12,4,2018
20181205,2018-12-05,Wednesday,December,Dec,12,4,2018
20181206,2018-12-06,Thursday,December,Dec,12,4,2018
20181207,2018-12-07,Friday,December,Dec,12,4,2018
20181208,2018-12-08,Saturday,December,Dec,12,4,2018
20181209,2018-12-09,Sunday,December,Dec,12,4,2018
20181210,2018-12-10,Monday,December,Dec,12,4,2018
20181211,2018-12-11,Tuesday,December,Dec,12,4,2018
20181212,2018-12-12,Wednesday,December,Dec,12,4,2018
20181213,2018-12-13,Thursday,December,Dec,12,4,2018
20181214,2018-12-14,Friday,December,Dec,12,4,2018
20181215,2018-12-15,Saturday,December,Dec,12,4,2018
20181216,2018-12-16,Sunday,December,Dec,12,4,2018
20181217,2018-12-17,Monday,December,Dec,12,4,2018
20181218,2018-12-18,Tuesday,December,Dec,12,4,2018
20181219,2018-12-19,Wednesday,December,Dec,12,4,2018
20181220,2018-12-20,Thursday,December,Dec,12,4,2018
20181221,2018-12-21,Friday,December,Dec,12,4,2018
20181222,2018-12-22,Saturday,December,Dec,12,4,2018
20181223,2018-12-23,Sunday,December,Dec,12,4,2018
20181224,2018-12-24,Monday,December,Dec,12,4,2018
20181225,2018-12-25,Tuesday,December,Dec,12,4,2018
20181226,2018-12-26,Wednesday,December,Dec,12,4,2018
20181227,2018-12-27,Thursday,December,Dec,12,4,2018
20181228,2018-12-28,Friday,December,Dec,12,4,2018
20181229,2018-12-29,Saturday,December,Dec,12,4,2018
20181230,2018-12-30,Sunday,December,Dec,12,4,2018
20181231,2018-12-31,Monday,December,Dec,12,4,2018
20190101,2019-01-01,Tuesday,January,Jan,1,1,2019
20190102,2019-01-02,Wednesday,January,Jan,1,1,2019
20190103,2019-01-03,Thursday,January,Jan,1,1,2019
20190104,2019-01-04,Friday,January,Jan,1,1,2019
20190105,2019-01-05,Saturday,January,Jan,1,1,2019
20190106,2019-01-06,Sunday,January,Jan,1,1,2019
20190107,2019-01-07,Monday,January,Jan,1,1,2019
20190108,2019-01-08,Tuesday,January,Jan,1,1,2019
20190109,2019-01-09,Wednesday,January,Jan,1,1,2019
20190110,2019-01-10,Thursday,January,Jan,1,1,2019
20190111,2019-01-11,Friday,January,Jan,1,1,2019
20190112,2019-01-12,Saturday,January,Jan,1,1,2019
20190113,2019-01-13,Sunday,January,Jan,1,1,2019
20190114,2019-01-14,Monday,January,Jan,1,1,2019
20190115,2019-01-15,Tuesday,January,Jan,1,1,2019
20190116,2019-01-16,Wednesday,January,Jan,1,1,2019
20190117,2019-01-17,Thursday,January,Jan,1,1,2019
20190118,2019-01-18,Friday,January,Jan,1,1,2019
20190119,2019-01-19,Saturday,January,Jan,1,1,2019
20190120,2019-01-20,Sunday,January,Jan,1,1,2019
20190121,2019-01-21,Monday,January,Jan,1,1,2019
20190122,2019-01-22,Tuesday,January,Jan,1,1,2019
20190123,2019-01-23,Wednesday,January,Jan,1,1,2019
20190124,2019-01-24,Thursday,January,Jan,1,1,2019
20190125,2019-01-25,Friday,January,Jan,1,1,2019
20190126,2019-01-26,Saturday,January,Jan,1,1,2019
20190127,2019-01-27,Sunday,January,Jan,1,1,2019
20190128,2019-01-28,Monday,January,Jan,1,1,2019
20190129,2019-01-29,Tuesday,January,Jan,1,1,2019
20190130,2019-01-30,Wednesday,January,Jan,1,1,2019
20190131,2019-01-31,Thursday,January,Jan,1,1,2019
20190201,2019-02-01,Friday,February,Feb,2,1,2019
20190202,2019-02-02,Saturday,February,Feb,2,1,2019
20190203,2019-02-03,Sunday,February,Feb,2,1,2019
20190204,2019-02-04,Monday,February,Feb,2,1,2019
20190205,2019-02-05,Tuesday,February,Feb,2,1,2019
20190206,2019-02-06,Wednesday,February,Feb,2,1,2019
20190207,2019-02-07,Thursday,February,Feb,2,1,2019
20190208,2019-02-08,Friday,February,Feb,2,1,2019
20190209,2019-02-09,Saturday,February,Feb,2,1,2019
20190210,2019-02-10,Sunday,February,Feb,2,1,2019
20190211,2019-02-11,Monday,February,Feb,2,1,2019
20190212,2019-02-12,Tuesday,February,Feb,2,1,2019
20190213,2019-02-13,Wednesday,February,Feb,2,1,2019
20190214,2019-02-14,Thursday,February,Feb,2,1,2019
20190215,2019-02-15,Friday,February,Feb,2,1,2019
20190216,2019-02-16,Saturday,February,Feb,2,1,2019
20190217,2019-02-17,Sunday,February,Feb,2,1,2019
20190218,2019-02-18,Monday,February,Feb,2,1,2019
20190219,2019-02-19,Tuesday,February,Feb,2,1,2019
20190220,2019-02-20,Wednesday,February,Feb,2,1,2019
20190221,2019-02-21,Thursday,February,Feb,2,1,2019
20190222,2019-02-22,Friday,February,Feb,2,1,2019
20190223,2019-02-23,Saturday,February,Feb,2,1,2019
20190224,2019-02-24,Sunday,February,Feb,2,1,2019
20190225,2019-02-25,Monday,February,Feb,2,1,2019
20190226,2019-02-26,Tuesday,February,Feb,2,1,2019
20190227,2019-02-27,Wednesday,February,Feb,2,1,2019
20190228,2019-02-28,Thursday,February,Feb,2,1,2019
20190301,2019-03-01,Friday,March,Mar,3,1,2019
20190302,2019-03-02,Saturday,March,Mar,3,1,2019
20190303,2019-03-03,Sunday,March,Mar,3,1,2019
20190304,2019-03-04,Monday,March,Mar,3,1,2019
20190305,2019-03-05,Tuesday,March,Mar,3,1,2019
20190306,2019-03-06,Wednesday,March,Mar,3,1,2019
20190307,2019-03-07,Thursday,March,Mar,3,1,2019
20190308,2019-03-08,Friday,March,Mar,3,1,2019
20190309,2019-03-09,Saturday,March,Mar,3,1,2019
20190310,2019-03-10,Sunday,March,Mar,3,1,2019
20190311,2019-03-11,Monday,March,Mar,3,1,2019
20190312,2019-03-12,Tuesday,March,Mar,3,1,2019
20190313,2019-03-13,Wednesday,March,Mar,3,1,2019
20190314,2019-03-14,Thursday,March,Mar,3,1,2019
20190315,2019-03-15,Friday,March,Mar,3,1,2019
20190316,2019-03-16,Saturday,March,Mar,3,1,2019
20190317,2019-03-17,Sunday,March,Mar,3,1,2019
20190318,2019-03-18,Monday,March,Mar,3,1,2019
20190319,2019-03-19,Tuesday,March,Mar,3,1,2019
20190320,2019-03-20,Wednesday,March,Mar,3,1,2019
20190321,2019-03-21,Thursday,March,Mar,3,1,2019
20190322,2019-03-22,Friday,March,Mar,3,1,2019
20190323,2019-03-23,Saturday,March,Mar,3,1,2019
20190324,2019-03-24,Sunday,March,Mar,3,1,2019
20190325,2019-03-25,Monday,March,Mar,3,1,2019
20190326,2019-03-26,Tuesday,March,Mar,3,1,2019
20190327,2019-03-27,Wednesday,March,Mar,3,1,2019
20190328,2019-03-28,Thursday,March,Mar,3,1,2019
20190329,2019-03-29,Friday,March,Mar,3,1,2019
20190330,2019-03-30,Saturday,March,Mar,3,1,2019
20190331,2019-03-31,Sunday,March,Mar,3,1,2019
20190401,2019-04-01,Monday,April,Apr,4,2,2019
20190402,2019-04-02,Tuesday,April,Apr,4,2,2019
20190403,2019-04-03,Wednesday,April,Apr,4,2,2019
20190404,2019-04-04,Thursday,April,Apr,4,2,2019
20190405,2019-04-05,Friday,April,Apr,4,2,2019
20190406,2019-04-06,Saturday,April,Apr,4,2,2019
20190407,2019-04-07,Sunday,April,Apr,4,2,2019
20190408,2019-04-08,Monday,April,Apr,4,2,2019
20190409,2019-04-09,Tuesday,April,Apr,4,2,2019
20190410,2019-04-10,Wednesday,April,Apr,4,2,2019
20190411,2019-04-11,Thursday,April,Apr,4,2,2019
20190412,2019-04-12,Friday,April,Apr,4,2,2019
20190413,2019-04-13,Saturday,April,Apr,4,2,2019
20190414,2019-04-14,Sunday,April,Apr,4,2,2019
20190415,2019-04-15,Monday,April,Apr,4,2,2019
20190416,2019-04-16,Tuesday,April,Apr,4,2,2019
20190417,2019-04-17,Wednesday,April,Apr,4,2,2019
20190418,2019-04-18,Thursday,April,Apr,4,2,2019
20190419,2019-04-19,Friday,April,Apr,4,2,2019
20190420,2019-04-20,Saturday,April,Apr,4,2,2019
20190421,2019-04-21,Sunday,April,Apr,4,2,2019
20190422,2019-04-22,Monday,April,Apr,4,2,2019
20190423,2019-04-23,Tuesday,April,Apr,4,2,2019
20190424,2019-04-24,Wednesday,April,Apr,4,2,2019
20190425,2019-04-25,Thursday,April,Apr,4,2,2019
20190426,2019-04-26,Friday,April,Apr,4,2,2019
20190427,2019-04-27,Saturday,April,Apr,4,2,2019
20190428,2019-04-28,Sunday,April,Apr,4,2,2019
20190429,2019-04-29,Monday,April,Apr,4,2,2019
20190430,2019-04-30,Tuesday,April,Apr,4,2,2019
20190501,2019-05-01,Wednesday,May,May,5,2,2019
20190502,2019-05-02,Thursday,May,May,5,2,2019
20190503,2019-05-03,Friday,May,May,5,2,2019
20190504,2019-05-04,Saturday,May,May,5,2,2019
20190505,2019-05-05,Sunday,May,May,5,2,2019
20190506,2019-05-06,Monday,May,May,5,2,2019
20190507,2019-05-07,Tuesday,May,May,5,2,2019
20190508,2019-05-08,Wednesday,May,May,5,2,2019
20190509,2019-05-09,Thursday,May,May,5,2,2019
20190510,2019-05-10,Friday,May,May,5,2,2019
20190511,2019-05-11,Saturday,May,May,5,2,2019
20190512,2019-05-12,Sunday,May,May,5,2,2019
20190513,2019-05-13,Monday,May,May,5,2,2019
20190514,2019-05-14,Tuesday,May,May,5,2,2019
20190515,2019-05-15,Wednesday,May,May,5,2,2019
20190516,2019-05-16,Thursday,May,May,5,2,2019
20190517,2019-05-17,Friday,May,May,5,2,2019
20190518,2019-05-18,Saturday,May,May,5,2,2019
20190519,2019-05-19,Sunday,May,May,5,2,2019
20190520,2019-05-20,Monday,May,May,5,2,2019
20190521,2019-05-21,Tuesday,May,May,5,2,2019
20190522,2019-05-22,Wednesday,May,May,5,2,2019
20190523,2019-05-23,Thursday,May,May,5,2,2019
20190524,2019-05-24,Friday,May,May,5,2,2019
20190525,2019-05-25,Saturday,May,May,5,2,2019
20190526,2019-05-26,Sunday,May,May,5,2,2019
20190527,2019-05-27,Monday,May,May,5,2,2019
20190528,2019-05-28,Tuesday,May,May,5,2,2019
20190529,2019-05-29,Wednesday,May,May,5,2,2019
20190530,2019-05-30,Thursday,May,May,5,2,2019
20190531,2019-05-31,Friday,May,May,5,2,2019
20190601,2019-06-01,Saturday,June,Jun,6,2,2019
20190602,2019-06-02,Sunday,June,Jun,6,2,2019
20190603,2019-06-03,Monday,June,Jun,6,2,2019
20190604,2019-06-04,Tuesday,June,Jun,6,2,2019
20190605,2019-06-05,Wednesday,June,Jun,6,2,2019
20190606,2019-06-06,Thursday,June,Jun,6,2,2019
20190607,2019-06-07,Friday,June,Jun,6,2,2019
20190608,2019-06-08,Saturday,June,Jun,6,2,2019
20190609,2019-06-09,Sunday,June,Jun,6,2,2019
20190610,2019-06-10,Monday,June,Jun,6,2,2019
20190611,2019-06-11,Tuesday,June,Jun,6,2,2019
20190612,2019-06-12,Wednesday,June,Jun,6,2,2019
20190613,2019-06-13,Thursday,June,Jun,6,2,2019
20190614,2019-06-14,Friday,June,Jun,6,2,2019
20190615,2019-06-15,Saturday,June,Jun,6,2,2019
20190616,2019-06-16,Sunday,June,Jun,6,2,2019
20190617,2019-06-17,Monday,June,Jun,6,2,2019
20190618,2019-06-18,Tuesday,June,Jun,6,2,2019
20190619,2019-06-19,Wednesday,June,Jun,6,2,2019
20190620,2019-06-20,Thursday,June,Jun,6,2,2019
20190621,2019-06-21,Friday,June,Jun,6,2,2019
20190622,2019-06-22,Saturday,June,Jun,6,2,2019
20190623,2019-06-23,Sunday,June,Jun,6,2,2019
20190624,2019-06-24,Monday,June,Jun,6,2,2019
20190625,2019-06-25,Tuesday,June,Jun,6,2,2019
20190626,2019-06-26,Wednesday,June,Jun,6,2,2019
20190627,2019-06-27,Thursday,June,Jun,6,2,2019
20190628,2019-06-28,Friday,June,Jun,6,2,2019
20190629,2019-06-29,Saturday,June,Jun,6,2,2019
20190630,2019-06-30,Sunday,June,Jun,6,2,2019
20190701,2019-07-01,Monday,July,Jul,7,3,2019
20190702,2019-07-02,Tuesday,July,Jul,7,3,2019
20190703,2019-07-03,Wednesday,July,Jul,7,3,2019
20190704,2019-07-04,Thursday,July,Jul,7,3,2019
20190705,2019-07-05,Friday,July,Jul,7,3,2019
20190706,2019-07-06,Saturday,July,Jul,7,3,2019
20190707,2019-07-07,Sunday,July,Jul,7,3,2019
20190708,2019-07-08,Monday,July,Jul,7,3,2019
20190709,2019-07-09,Tuesday,July,Jul,7,3,2019
20190710,2019-07-10,Wednesday,July,Jul,7,3,2019
20190711,2019-07-11,Thursday,July,Jul,7,3,2019
20190712,2019-07-12,Friday,July,Jul,7,3,2019
20190713,2019-07-13,Saturday,July,Jul,7,3,2019
20190714,2019-07-14,Sunday,July,Jul,7,3,2019
20190715,2019-07-15,Monday,July,Jul,7,3,2019
20190716,2019-07-16,Tuesday,July,Jul,7,3,2019
20190717,2019-07-17,Wednesday,July,Jul,7,3,2019
20190718,2019-07-18,Thursday,July,Jul,7,3,2019
20190719,2019-07-19,Friday,July,Jul,7,3,2019
20190720,2019-07-20,Saturday,July,Jul,7,3,2019
20190721,2019-07-21,Sunday,July,Jul,7,3,2019
20190722,2019-07-22,Monday,July,Jul,7,3,2019
20190723,2019-07-23,Tuesday,July,Jul,7,3,2019
20190724,2019-07-24,Wednesday,July,Jul,7,3,2019
20190725,2019-07-25,Thursday,July,Jul,7,3,2019
20190726,2019-07-26,Friday,July,Jul,7,3,2019
20190727,2019-07-27,Saturday,July,Jul,7,3,2019
20190728,2019-07-28,Sunday,July,Jul,7,3,2019
20190729,2019-07-29,Monday,July,Jul,7,3,2019
20190730,2019-07-30,Tuesday,July,Jul,7,3,2019
20190731,2019-07-31,Wednesday,July,Jul,7,3,2019
20190801,2019-08-01,Thursday,August,Aug,8,3,2019
20190802,2019-08-02,Friday,August,Aug,8,3,2019
20190803,2019-08-03,Saturday,August,Aug,8,3,2019
20190804,2019-08-04,Sunday,August,Aug,8,3,2019
20190805,2019-08-05,Monday,August,Aug,8,3,2019
20190806,2019-08-06,Tuesday,August,Aug,8,3,2019
20190807,2019-08-07,Wednesday,August,Aug,8,3,2019
20190808,2019-08-08,Thursday,August,Aug,8,3,2019
20190809,2019-08-09,Friday,August,Aug,8,3,2019
20190810,2019-08-10,Saturday,August,Aug,8,3,2019
20190811,2019-08-11,Sunday,August,Aug,8,3,2019
20190812,2019-08-12,Monday,August,Aug,8,3,2019
20190813,2019-08-13,Tuesday,August,Aug,8,3,2019
20190814,2019-08-14,Wednesday,August,Aug,8,3,2019
20190815,2019-08-15,Thursday,August,Aug,8,3,2019
20190816,2019-08-16,Friday,August,Aug,8,3,2019
20190817,2019-08-17,Saturday,August,Aug,8,3,2019
20190818,2019-08-18,Sunday,August,Aug,8,3,2019
20190819,2019-08-19,Monday,August,Aug,8,3,2019
20190820,2019-08-20,Tuesday,August,Aug,8,3,2019
20190821,2019-08-21,Wednesday,August,Aug,8,3,2019
20190822,2019-08-22,Thursday,August,Aug,8,3,2019
20190823,2019-08-23,Friday,August,Aug,8,3,2019
20190824,2019-08-24,Saturday,August,Aug,8,3,2019
20190825,2019-08-25,Sunday,August,Aug,8,3,2019
20190826,2019-08-26,Monday,August,Aug,8,3,2019
20190827,2019-08-27,Tuesday,August,Aug,8,3,2019
20190828,2019-08-28,Wednesday,August,Aug,8,3,2019
20190829,2019-08-29,Thursday,August,Aug,8,3,2019
20190830,2019-08-30,Friday,August,Aug,8,3,2019
20190831,2019-08-31,Saturday,August,Aug,8,3,2019
20190901,2019-09-01,Sunday,September,Sep,9,3,2019
20190902,2019-09-02,Monday,September,Sep,9,3,2019
20190903,2019-09-03,Tuesday,September,Sep,9,3,2019
20190904,2019-09-04,Wednesday,September,Sep,9,3,2019
20190905,2019-09-05,Thursday,September,Sep,9,3,2019
20190906,2019-09-06,Friday,September,Sep,9,3,2019
20190907,2019-09-07,Saturday,September,Sep,9,3,2019
20190908,2019-09-08,Sunday,September,Sep,9,3,2019
20190909,2019-09-09,Monday,September,Sep,9,3,2019
20190910,2019-09-10,Tuesday,September,Sep,9,3,2019
20190911,2019-09-11,Wednesday,September,Sep,9,3,2019
20190912,2019-09-12,Thursday,September,Sep,9,3,2019
20190913,2019-09-13,Friday,September,Sep,9,3,2019
20190914,2019-09-14,Saturday,September,Sep,9,3,2019
20190915,2019-09-15,Sunday,September,Sep,9,3,2019
20190916,2019-09-16,Monday,September,Sep,9,3,2019
20190917,2019-09-17,Tuesday,September,Sep,9,3,2019
20190918,2019-09-18,Wednesday,September,Sep,9,3,2019
20190919,2019-09-19,Thursday,September,Sep,9,3,2019
20190920,2019-09-20,Friday,September,Sep,9,3,2019
20190921,2019-09-21,Saturday,September,Sep,9,3,2019
20190922,2019-09-22,Sunday,September,Sep,9,3,2019
20190923,2019-09-23,Monday,September,Sep,9,3,2019
20190924,2019-09-24,Tuesday,September,Sep,9,3,2019
20190925,2019-09-25,Wednesday,September,Sep,9,3,2019
20190926,2019-09-26,Thursday,September,Sep,9,3,2019
20190927,2019-09-27,Friday,September,Sep,9,3,2019
20190928,2019-09-28,Saturday,September,Sep,9,3,2019
20190929,2019-09-29,Sunday,September,Sep,9,3,2019
20190930,2019-09-30,Monday,September,Sep,9,3,2019
20191001,2019-10-01,Tuesday,October,Oct,10,4,2019
20191002,2019-10-02,Wednesday,October,Oct,10,4,2019
20191003,2019-10-03,Thursday,October,Oct,10,4,2019
20191004,2019-10-04,Friday,October,Oct,10,4,2019
20191005,2019-10-05,Saturday,October,Oct,10,4,2019
20191006,2019-10-06,Sunday,October,Oct,10,4,2019
20191007,2019-10-07,Monday,October,Oct,10,4,2019
20191008,2019-10-08,Tuesday,October,Oct,10,4,2019
20191009,2019-10-09,Wednesday,October,Oct,10,4,2019
20191010,2019-10-10,Thursday,October,Oct,10,4,2019
20191011,2019-10-11,Friday,October,Oct,10,4,2019
20191012,2019-10-12,Saturday,October,Oct,10,4,2019
20191013,2019-10-13,Sunday,October,Oct,10,4,2019
20191014,2019-10-14,Monday,October,Oct,10,4,2019
20191015,2019-10-15,Tuesday,October,Oct,10,4,2019
20191016,2019-10-16,Wednesday,October,Oct,10,4,2019
20191017,2019-10-17,Thursday,October,Oct,10,4,2019
20191018,2019-10-18,Friday,October,Oct,10,4,2019
20191019,2019-10-19,Saturday,October,Oct,10,4,2019
20191020,2019-10-20,Sunday,October,Oct,10,4,2019
20191021,2019-10-21,Monday,October,Oct,10,4,2019
20191022,2019-10-22,Tuesday,October,Oct,10,4,2019
20191023,2019-10-23,Wednesday,October,Oct,10,4,2019
20191024,2019-10-24,Thursday,October,Oct,10,4,2019
20191025,2019-10-25,Friday,October,Oct,10,4,2019
20191026,2019-10-26,Saturday,October,Oct,10,4,2019
20191027,2019-10-27,Sunday,October,Oct,10,4,2019
20191028,2019-10-28,Monday,October,Oct,10,4,2019
20191029,2019-10-29,Tuesday,October,Oct,10,4,2019
20191030,2019-10-30,Wednesday,October,Oct,10,4,2019
20191031,2019-10-31,Thursday,October,Oct,10,4,2019
20191101,2019-11-01,Friday,November,Nov,11,4,2019
20191102,2019-11-02,Saturday,November,Nov,11,4,2019
20191103,2019-11-03,Sunday,November,Nov,11,4,2019
20191104,2019-11-04,Monday,November,Nov,11,4,2019
20191105,2019-11-05,Tuesday,November,Nov,11,4,2019
20191106,2019-11-06,Wednesday,November,Nov,11,4,2019
20191107,2019-11-07,Thursday,November,Nov,11,4,2019
20191108,2019-11-08,Friday,November,Nov,11,4,2019
20191109,2019-11-09,Saturday,November,Nov,11,4,2019
20191110,2019-11-10,Sunday,November,Nov,11,4,2019
20191111,2019-11-11,Monday,November,Nov,11,4,2019
20191112,2019-11-12,Tuesday,November,Nov,11,4,2019
20191113,2019-11-13,Wednesday,November,Nov,11,4,2019
20191114,2019-11-14,Thursday,November,Nov,11,4,2019
20191115,2019-11-15,Friday,November,Nov,11,4,2019
20191116,2019-11-16,Saturday,November,Nov,11,4,2019
20191117,2019-11-17,Sunday,November,Nov,11,4,2019
20191118,2019-11-18,Monday,November,Nov,11,4,2019
20191119,2019-11-19,Tuesday,November,Nov,11,4,2019
20191120,2019-11-20,Wednesday,November,Nov,11,4,2019
20191121,2019-11-21,Thursday,November,Nov,11,4,2019
20191122,2019-11-22,Friday,November,Nov,11,4,2019
20191123,2019-11-23,Saturday,November,Nov,11,4,2019
20191124,2019-11-24,Sunday,November,Nov,11,4,2019
20191125,2019-11-25,Monday,November,Nov,11,4,2019
20191126,2019-11-26,Tuesday,November,Nov,11,4,2019
20191127,2019-11-27,Wednesday,November,Nov,11,4,2019
20191128,2019-11-28,Thursday,November,Nov,11,4,2019
20191129,2019-11-29,Friday,November,Nov,11,4,2019
20191130,2019-11-30,Saturday,November,Nov,11,4,2019
20191201,2019-12-01,Sunday,December,Dec,12,4,2019
20191202,2019-12-02,Monday,December,Dec,12,4,2019
20191203,2019-12-03,Tuesday,December,Dec,12,4,2019
20191204,2019-12-04,Wednesday,December,Dec,12,4,2019
20191205,2019-12-05,Thursday,December,Dec,12,4,2019
20191206,2019-12-06,Friday,December,Dec,12,4,2019
20191207,2019-12-07,Saturday,December,Dec,12,4,2019
20191208,2019-12-08,Sunday,December,Dec,12,4,2019
20191209,2019-12-09,Monday,December,Dec,12,4,2019
20191210,2019-12-10,Tuesday,December,Dec,12,4,2019
20191211,2019-12-11,Wednesday,December,Dec,12,4,2019
20191212,2019-12-12,Thursday,December,Dec,12,4,2019
20191213,2019-12-13,Friday,December,Dec,12,4,2019
20191214,2019-12-14,Saturday,December,Dec,12,4,2019
20191215,2019-12-15,Sunday,December,Dec,12,4,2019
20191216,2019-12-16,Monday,December,Dec,12,4,2019
20191217,2019-12-17,Tuesday,December,Dec,12,4,2019
20191218,2019-12-18,Wednesday,December,Dec,12,4,2019
20191219,2019-12-19,Thursday,December,Dec,12,4,2019
20191220,2019-12-20,Friday,December,Dec,12,4,2019
20191221,2019-12-21,Saturday,December,Dec,12,4,2019
20191222,2019-12-22,Sunday,December,Dec,12,4,2019
20191223,2019-12-23,Monday,December,Dec,12,4,2019
20191224,2019-12-24,Tuesday,December,Dec,12,4,2019
20191225,2019-12-25,Wednesday,December,Dec,12,4,2019
20191226,2019-12-26,Thursday,December,Dec,12,4,2019
20191227,2019-12-27,Friday,December,Dec,12,4,2019
20191228,2019-12-28,Saturday,December,Dec,12,4,2019
20191229,2019-12-29,Sunday,December,Dec,12,4,2019
20191230,2019-12-30,Monday,December,Dec,12,4,2019
20191231,2019-12-31,Tuesday,December,Dec,12,4,2019
20200101,2020-01-01,Wednesday,January,Jan,1,1,2020
20200102,2020-01-02,Thursday,January,Jan,1,1,2020
20200103,2020-01-03,Friday,January,Jan,1,1,2020
20200104,2020-01-04,Saturday,January,Jan,1,1,2020
20200105,2020-01-05,Sunday,January,Jan,1,1,2020
20200106,2020-01-06,Monday,January,Jan,1,1,2020
20200107,2020-01-07,Tuesday,January,Jan,1,1,2020
20200108,2020-01-08,Wednesday,January,Jan,1,1,2020
20200109,2020-01-09,Thursday,January,Jan,1,1,2020
20200110,2020-01-10,Friday,January,Jan,1,1,2020
20200111,2020-01-11,Saturday,January,Jan,1,1,2020
20200112,2020-01-12,Sunday,January,Jan,1,1,2020
20200113,2020-01-13,Monday,January,Jan,1,1,2020
20200114,2020-01-14,Tuesday,January,Jan,1,1,2020
20200115,2020-01-15,Wednesday,January,Jan,1,1,2020
20200116,2020-01-16,Thursday,January,Jan,1,1,2020
20200117,2020-01-17,Friday,January,Jan,1,1,2020
20200118,2020-01-18,Saturday,January,Jan,1,1,2020
20200119,2020-01-19,Sunday,January,Jan,1,1,2020
20200120,2020-01-20,Monday,January,Jan,1,1,2020
20200121,2020-01-21,Tuesday,January,Jan,1,1,2020
20200122,2020-01-22,Wednesday,January,Jan,1,1,2020
20200123,2020-01-23,Thursday,January,Jan,1,1,2020
20200124,2020-01-24,Friday,January,Jan,1,1,2020
20200125,2020-01-25,Saturday,January,Jan,1,1,2020
20200126,2020-01-26,Sunday,January,Jan,1,1,2020
20200127,2020-01-27,Monday,January,Jan,1,1,2020
20200128,2020-01-28,Tuesday,January,Jan,1,1,2020
20200129,2020-01-29,Wednesday,January,Jan,1,1,2020
20200130,2020-01-30,Thursday,January,Jan,1,1,2020
20200131,2020-01-31,Friday,January,Jan,1,1,2020
20200201,2020-02-01,Saturday,February,Feb,2,1,2020
20200202,2020-02-02,Sunday,February,Feb,2,1,2020
20200203,2020-02-03,Monday,February,Feb,2,1,2020
20200204,2020-02-04,Tuesday,February,Feb,2,1,2020
20200205,2020-02-05,Wednesday,February,Feb,2,1,2020
20200206,2020-02-06,Thursday,February,Feb,2,1,2020
20200207,2020-02-07,Friday,February,Feb,2,1,2020
20200208,2020-02-08,Saturday,February,Feb,2,1,2020
20200209,2020-02-09,Sunday,February,Feb,2,1,2020
20200210,2020-02-10,Monday,February,Feb,2,1,2020
20200211,2020-02-11,Tuesday,February,Feb,2,1,2020
20200212,2020-02-12,Wednesday,February,Feb,2,1,2020
20200213,2020-02-13,Thursday,February,Feb,2,1,2020
20200214,2020-02-14,Friday,February,Feb,2,1,2020
20200215,2020-02-15,Saturday,February,Feb,2,1,2020
20200216,2020-02-16,Sunday,February,Feb,2,1,2020
20200217,2020-02-17,Monday,February,Feb,2,1,2020
20200218,2020-02-18,Tuesday,February,Feb,2,1,2020
20200219,2020-02-19,Wednesday,February,Feb,2,1,2020
20200220,2020-02-20,Thursday,February,Feb,2,1,2020
20200221,2020-02-21,Friday,February,Feb,2,1,2020
20200222,2020-02-22,Saturday,February,Feb,2,1,2020
20200223,2020-02-23,Sunday,February,Feb,2,1,2020
20200224,2020-02-24,Monday,February,Feb,2,1,2020
20200225,2020-02-25,Tuesday,February,Feb,2,1,2020
20200226,2020-02-26,Wednesday,February,Feb,2,1,2020
20200227,2020-02-27,Thursday,February,Feb,2,1,2020
20200228,2020-02-28,Friday,February,Feb,2,1,2020
20200229,2020-02-29,Saturday,February,Feb,2,1,2020
20200301,2020-03-01,Sunday,March,Mar,3,1,2020
20200302,2020-03-02,Monday,March,Mar,3,1,2020
20200303,2020-03-03,Tuesday,March,Mar,3,1,2020
20200304,2020-03-04,Wednesday,March,Mar,3,1,2020
20200305,2020-03-05,Thursday,March,Mar,3,1,2020
20200306,2020-03-06,Friday,March,Mar,3,1,2020
20200307,2020-03-07,Saturday,March,Mar,3,1,2020
20200308,2020-03-08,Sunday,March,Mar,3,1,2020
20200309,2020-03-09,Monday,March,Mar,3,1,2020
20200310,2020-03-10,Tuesday,March,Mar,3,1,2020
20200311,2020-03-11,Wednesday,March,Mar,3,1,2020
20200312,2020-03-12,Thursday,March,Mar,3,1,2020
20200313,2020-03-13,Friday,March,Mar,3,1,2020
20200314,2020-03-14,Saturday,March,Mar,3,1,2020
20200315,2020-03-15,Sunday,March,Mar,3,1,2020
20200316,2020-03-16,Monday,March,Mar,3,1,2020
20200317,2020-03-17,Tuesday,March,Mar,3,1,2020
20200318,2020-03-18,Wednesday,March,Mar,3,1,2020
20200319,2020-03-19,Thursday,March,Mar,3,1,2020
20200320,2020-03-20,Friday,March,Mar,3,1,2020
20200321,2020-03-21,Saturday,March,Mar,3,1,2020
20200322,2020-03-22,Sunday,March,Mar,3,1,2020
20200323,2020-03-23,Monday,March,Mar,3,1,2020
20200324,2020-03-24,Tuesday,March,Mar,3,1,2020
20200325,2020-03-25,Wednesday,March,Mar,3,1,2020
20200326,2020-03-26,Thursday,March,Mar,3,1,2020
20200327,2020-03-27,Friday,March,Mar,3,1,2020
20200328,2020-03-28,Saturday,March,Mar,3,1,2020
20200329,2020-03-29,Sunday,March,Mar,3,1,2020
20200330,2020-03-30,Monday,March,Mar,3,1,2020
20200331,2020-03-31,Tuesday,March,Mar,3,1,2020
20200401,2020-04-01,Wednesday,April,Apr,4,2,2020
20200402,2020-04-02,Thursday,April,Apr,4,2,2020
20200403,2020-04-03,Friday,April,Apr,4,2,2020
20200404,2020-04-04,Saturday,April,Apr,4,2,2020
20200405,2020-04-05,Sunday,April,Apr,4,2,2020
20200406,2020-04-06,Monday,April,Apr,4,2,2020
20200407,2020-04-07,Tuesday,April,Apr,4,2,2020
20200408,2020-04-08,Wednesday,April,Apr,4,2,2020
20200409,2020-04-09,Thursday,April,Apr,4,2,2020
20200410,2020-04-10,Friday,April,Apr,4,2,2020
20200411,2020-04-11,Saturday,April,Apr,4,2,2020
20200412,2020-04-12,Sunday,April,Apr,4,2,2020
20200413,2020-04-13,Monday,April,Apr,4,2,2020
20200414,2020-04-14,Tuesday,April,Apr,4,2,2020
20200415,2020-04-15,Wednesday,April,Apr,4,2,2020
20200416,2020-04-16,Thursday,April,Apr,4,2,2020
20200417,2020-04-17,Friday,April,Apr,4,2,2020
20200418,2020-04-18,Saturday,April,Apr,4,2,2020
20200419,2020-04-19,Sunday,April,Apr,4,2,2020
20200420,2020-04-20,Monday,April,Apr,4,2,2020
20200421,2020-04-21,Tuesday,April,Apr,4,2,2020
20200422,2020-04-22,Wednesday,April,Apr,4,2,2020
20200423,2020-04-23,Thursday,April,Apr,4,2,2020
20200424,2020-04-24,Friday,April,Apr,4,2,2020
20200425,2020-04-25,Saturday,April,Apr,4,2,2020
20200426,2020-04-26,Sunday,April,Apr,4,2,2020
20200427,2020-04-27,Monday,April,Apr,4,2,2020
20200428,2020-04-28,Tuesday,April,Apr,4,2,2020
20200429,2020-04-29,Wednesday,April,Apr,4,2,2020
20200430,2020-04-30,Thursday,April,Apr,4,2,2020
20200501,2020-05-01,Friday,May,May,5,2,2020
20200502,2020-05-02,Saturday,May,May,5,2,2020
20200503,2020-05-03,Sunday,May,May,5,2,2020
20200504,2020-05-04,Monday,May,May,5,2,2020
20200505,2020-05-05,Tuesday,May,May,5,2,2020
20200506,2020-05-06,Wednesday,May,May,5,2,2020
20200507,2020-05-07,Thursday,May,May,5,2,2020
20200508,2020-05-08,Friday,May,May,5,2,2020
20200509,2020-05-09,Saturday,May,May,5,2,2020
20200510,2020-05-10,Sunday,May,May,5,2,2020
20200511,2020-05-11,Monday,May,May,5,2,2020
20200512,2020-05-12,Tuesday,May,May,5,2,2020
20200513,2020-05-13,Wednesday,May,May,5,2,2020
20200514,2020-05-14,Thursday,May,May,5,2,2020
20200515,2020-05-15,Friday,May,May,5,2,2020
20200516,2020-05-16,Saturday,May,May,5,2,2020
20200517,2020-05-17,Sunday,May,May,5,2,2020
20200518,2020-05-18,Monday,May,May,5,2,2020
20200519,2020-05-19,Tuesday,May,May,5,2,2020
20200520,2020-05-20,Wednesday,May,May,5,2,2020
20200521,2020-05-21,Thursday,May,May,5,2,2020
20200522,2020-05-22,Friday,May,May,5,2,2020
20200523,2020-05-23,Saturday,May,May,5,2,2020
20200524,2020-05-24,Sunday,May,May,5,2,2020
20200525,2020-05-25,Monday,May,May,5,2,2020
20200526,2020-05-26,Tuesday,May,May,5,2,2020
20200527,2020-05-27,Wednesday,May,May,5,2,2020
20200528,2020-05-28,Thursday,May,May,5,2,2020
20200529,2020-05-29,Friday,May,May,5,2,2020
20200530,2020-05-30,Saturday,May,May,5,2,2020
20200531,2020-05-31,Sunday,May,May,5,2,2020
20200601,2020-06-01,Monday,June,Jun,6,2,2020
20200602,2020-06-02,Tuesday,June,Jun,6,2,2020
20200603,2020-06-03,Wednesday,June,Jun,6,2,2020
20200604,2020-06-04,Thursday,June,Jun,6,2,2020
20200605,2020-06-05,Friday,June,Jun,6,2,2020
20200606,2020-06-06,Saturday,June,Jun,6,2,2020
20200607,2020-06-07,Sunday,June,Jun,6,2,2020
20200608,2020-06-08,Monday,June,Jun,6,2,2020
20200609,2020-06-09,Tuesday,June,Jun,6,2,2020
20200610,2020-06-10,Wednesday,June,Jun,6,2,2020
20200611,2020-06-11,Thursday,June,Jun,6,2,2020
20200612,2020-06-12,Friday,June,Jun,6,2,2020
20200613,2020-06-13,Saturday,June,Jun,6,2,2020
20200614,2020-06-14,Sunday,June,Jun,6,2,2020
20200615,2020-06-15,Monday,June,Jun,6,2,2020
20200616,2020-06-16,Tuesday,June,Jun,6,2,2020
20200617,2020-06-17,Wednesday,June,Jun,6,2,2020
20200618,2020-06-18,Thursday,June,Jun,6,2,2020
20200619,2020-06-19,Friday,June,Jun,6,2,2020
20200620,2020-06-20,Saturday,June,Jun,6,2,2020
20200621,2020-06-21,Sunday,June,Jun,6,2,2020
20200622,2020-06-22,Monday,June,Jun,6,2,2020
20200623,2020-06-23,Tuesday,June,Jun,6,2,2020
20200624,2020-06-24,Wednesday,June,Jun,6,2,2020
20200625,2020-06-25,Thursday,June,Jun,6,2,2020
20200626,2020-06-26,Friday,June,Jun,6,2,2020
20200627,2020-06-27,Saturday,June,Jun,6,2,2020
20200628,2020-06-28,Sunday,June,Jun,6,2,2020
20200629,2020-06-29,Monday,June,Jun,6,2,2020
20200630,2020-06-30,Tuesday,June,Jun,6,2,2020
20200701,2020-07-01,Wednesday,July,Jul,7,3,2020
20200702,2020-07-02,Thursday,July,Jul,7,3,2020
20200703,2020-07-03,Friday,July,Jul,7,3,2020
20200704,2020-07-04,Saturday,July,Jul,7,3,2020
20200705,2020-07-05,Sunday,July,Jul,7,3,2020
20200706,2020-07-06,Monday,July,Jul,7,3,2020
20200707,2020-07-07,Tuesday,July,Jul,7,3,2020
20200708,2020-07-08,Wednesday,July,Jul,7,3,2020
20200709,2020-07-09,Thursday,July,Jul,7,3,2020
20200710,2020-07-10,Friday,July,Jul,7,3,2020
20200711,2020-07-11,Saturday,July,Jul,7,3,2020
20200712,2020-07-12,Sunday,July,Jul,7,3,2020
20200713,2020-07-13,Monday,July,Jul,7,3,2020
20200714,2020-07-14,Tuesday,July,Jul,7,3,2020
20200715,2020-07-15,Wednesday,July,Jul,7,3,2020
20200716,2020-07-16,Thursday,July,Jul,7,3,2020
20200717,2020-07-17,Friday,July,Jul,7,3,2020
20200718,2020-07-18,Saturday,July,Jul,7,3,2020
20200719,2020-07-19,Sunday,July,Jul,7,3,2020
20200720,2020-07-20,Monday,July,Jul,7,3,2020
20200721,2020-07-21,Tuesday,July,Jul,7,3,2020
20200722,2020-07-22,Wednesday,July,Jul,7,3,2020
20200723,2020-07-23,Thursday,July,Jul,7,3,2020
20200724,2020-07-24,Friday,July,Jul,7,3,2020
20200725,2020-07-25,Saturday,July,Jul,7,3,2020
20200726,2020-07-26,Sunday,July,Jul,7,3,2020
20200727,2020-07-27,Monday,July,Jul,7,3,2020
20200728,2020-07-28,Tuesday,July,Jul,7,3,2020
20200729,2020-07-29,Wednesday,July,Jul,7,3,2020
20200730,2020-07-30,Thursday,July,Jul,7,3,2020
20200731,2020-07-31,Friday,July,Jul,7,3,2020
20200801,2020-08-01,Saturday,August,Aug,8,3,2020
20200802,2020-08-02,Sunday,August,Aug,8,3,2020
20200803,2020-08-03,Monday,August,Aug,8,3,2020
20200804,2020-08-04,Tuesday,August,Aug,8,3,2020
20200805,2020-08-05,Wednesday,August,Aug,8,3,2020
20200806,2020-08-06,Thursday,August,Aug,8,3,2020
20200807,2020-08-07,Friday,August,Aug,8,3,2020
20200808,2020-08-08,Saturday,August,Aug,8,3,2020
20200809,2020-08-09,Sunday,August,Aug,8,3,2020
20200810,2020-08-10,Monday,August,Aug,8,3,2020
20200811,2020-08-11,Tuesday,August,Aug,8,3,2020
20200812,2020-08-12,Wednesday,August,Aug,8,3,2020
20200813,2020-08-13,Thursday,August,Aug,8,3,2020
20200814,2020-08-14,Friday,August,Aug,8,3,2020
20200815,2020-08-15,Saturday,August,Aug,8,3,2020
20200816,2020-08-16,Sunday,August,Aug,8,3,2020
20200817,2020-08-17,Monday,August,Aug,8,3,2020
20200818,2020-08-18,Tuesday,August,Aug,8,3,2020
20200819,2020-08-19,Wednesday,August,Aug,8,3,2020
20200820,2020-08-20,Thursday,August,Aug,8,3,2020
20200821,2020-08-21,Friday,August,Aug,8,3,2020
20200822,2020-08-22,Saturday,August,Aug,8,3,2020
20200823,2020-08-23,Sunday,August,Aug,8,3,2020
20200824,2020-08-24,Monday,August,Aug,8,3,2020
20200825,2020-08-25,Tuesday,August,Aug,8,3,2020
20200826,2020-08-26,Wednesday,August,Aug,8,3,2020
20200827,2020-08-27,Thursday,August,Aug,8,3,2020
20200828,2020-08-28,Friday,August,Aug,8,3,2020
20200829,2020-08-29,Saturday,August,Aug,8,3,2020
20200830,2020-08-30,Sunday,August,Aug,8,3,2020
20200831,2020-08-31,Monday,August,Aug,8,3,2020
20200901,2020-09-01,Tuesday,September,Sep,9,3,2020
20200902,2020-09-02,Wednesday,September,Sep,9,3,2020
20200903,2020-09-03,Thursday,September,Sep,9,3,2020
20200904,2020-09-04,Friday,September,Sep,9,3,2020
20200905,2020-09-05,Saturday,September,Sep,9,3,2020
20200906,2020-09-06,Sunday,September,Sep,9,3,2020
20200907,2020-09-07,Monday,September,Sep,9,3,2020
20200908,2020-09-08,Tuesday,September,Sep,9,3,2020
20200909,2020-09-09,Wednesday,September,Sep,9,3,2020
20200910,2020-09-10,Thursday,September,Sep,9,3,2020
20200911,2020-09-11,Friday,September,Sep,9,3,2020
20200912,2020-09-12,Saturday,September,Sep,9,3,2020
20200913,2020-09-13,Sunday,September,Sep,9,3,2020
20200914,2020-09-14,Monday,September,Sep,9,3,2020
20200915,2020-09-15,Tuesday,September,Sep,9,3,2020
20200916,2020-09-16,Wednesday,September,Sep,9,3,2020
20200917,2020-09-17,Thursday,September,Sep,9,3,2020
20200918,2020-09-18,Friday,September,Sep,9,3,2020
20200919,2020-09-19,Saturday,September,Sep,9,3,2020
20200920,2020-09-20,Sunday,September,Sep,9,3,2020
20200921,2020-09-21,Monday,September,Sep,9,3,2020
20200922,2020-09-22,Tuesday,September,Sep,9,3,2020
20200923,2020-09-23,Wednesday,September,Sep,9,3,2020
20200924,2020-09-24,Thursday,September,Sep,9,3,2020
20200925,2020-09-25,Friday,September,Sep,9,3,2020
20200926,2020-09-26,Saturday,September,Sep,9,3,2020
20200927,2020-09-27,Sunday,September,Sep,9,3,2020
20200928,2020-09-28,Monday,September,Sep,9,3,2020
20200929,2020-09-29,Tuesday,September,Sep,9,3,2020
20200930,2020-09-30,Wednesday,September,Sep,9,3,2020
20201001,2020-10-01,Thursday,October,Oct,10,4,2020
20201002,2020-10-02,Friday,October,Oct,10,4,2020
20201003,2020-10-03,Saturday,October,Oct,10,4,2020
20201004,2020-10-04,Sunday,October,Oct,10,4,2020
20201005,2020-10-05,Monday,October,Oct,10,4,2020
20201006,2020-10-06,Tuesday,October,Oct,10,4,2020
20201007,2020-10-07,Wednesday,October,Oct,10,4,2020
20201008,2020-10-08,Thursday,October,Oct,10,4,2020
20201009,2020-10-09,Friday,October,Oct,10,4,2020
20201010,2020-10-10,Saturday,October,Oct,10,4,2020
20201011,2020-10-11,Sunday,October,Oct,10,4,2020
20201012,2020-10-12,Monday,October,Oct,10,4,2020
20201013,2020-10-13,Tuesday,October,Oct,10,4,2020
20201014,2020-10-14,Wednesday,October,Oct,10,4,2020
20201015,2020-10-15,Thursday,October,Oct,10,4,2020
20201016,2020-10-16,Friday,October,Oct,10,4,2020
20201017,2020-10-17,Saturday,October,Oct,10,4,2020
20201018,2020-10-18,Sunday,October,Oct,10,4,2020
20201019,2020-10-19,Monday,October,Oct,10,4,2020
20201020,2020-10-20,Tuesday,October,Oct,10,4,2020
20201021,2020-10-21,Wednesday,October,Oct,10,4,2020
20201022,2020-10-22,Thursday,October,Oct,10,4,2020
20201023,2020-10-23,Friday,October,Oct,10,4,2020
20201024,2020-10-24,Saturday,October,Oct,10,4,2020
20201025,2020-10-25,Sunday,October,Oct,10,4,2020
20201026,2020-10-26,Monday,October,Oct,10,4,2020
20201027,2020-10-27,Tuesday,October,Oct,10,4,2020
20201028,2020-10-28,Wednesday,October,Oct,10,4,2020
20201029,2020-10-29,Thursday,October,Oct,10,4,2020
20201030,2020-10-30,Friday,October,Oct,10,4,2020
20201031,2020-10-31,Saturday,October,Oct,10,4,2020
20201101,2020-11-01,Sunday,November,Nov,11,4,2020
20201102,2020-11-02,Monday,November,Nov,11,4,2020
20201103,2020-11-03,Tuesday,November,Nov,11,4,2020
20201104,2020-11-04,Wednesday,November,Nov,11,4,2020
20201105,2020-11-05,Thursday,November,Nov,11,4,2020
20201106,2020-11-06,Friday,November,Nov,11,4,2020
20201107,2020-11-07,Saturday,November,Nov,11,4,2020
20201108,2020-11-08,Sunday,November,Nov,11,4,2020
20201109,2020-11-09,Monday,November,Nov,11,4,2020
20201110,2020-11-10,Tuesday,November,Nov,11,4,2020
20201111,2020-11-11,Wednesday,November,Nov,11,4,2020
20201112,2020-11-12,Thursday,November,Nov,11,4,2020
20201113,2020-11-13,Friday,November,Nov,11,4,2020
20201114,2020-11-14,Saturday,November,Nov,11,4,2020
20201115,2020-11-15,Sunday,November,Nov,11,4,2020
20201116,2020-11-16,Monday,November,Nov,11,4,2020
20201117,2020-11-17,Tuesday,November,Nov,11,4,2020
20201118,2020-11-18,Wednesday,November,Nov,11,4,2020
20201119,2020-11-19,Thursday,November,Nov,11,4,2020
20201120,2020-11-20,Friday,November,Nov,11,4,2020
20201121,2020-11-21,Saturday,November,Nov,11,4,2020
20201122,2020-11-22,Sunday,November,Nov,11,4,2020
20201123,2020-11-23,Monday,November,Nov,11,4,2020
20201124,2020-11-24,Tuesday,November,Nov,11,4,2020
20201125,2020-11-25,Wednesday,November,Nov,11,4,2020
20201126,2020-11-26,Thursday,November,Nov,11,4,2020
20201127,2020-11-27,Friday,November,Nov,11,4,2020
20201128,2020-11-28,Saturday,November,Nov,11,4,2020
20201129,2020-11-29,Sunday,November,Nov,11,4,2020
20201130,2020-11-30,Monday,November,Nov,11,4,2020
20201201,2020-12-01,Tuesday,December,Dec,12,4,2020
20201202,2020-12-02,Wednesday,December,Dec,12,4,2020
20201203,2020-12-03,Thursday,December,Dec,12,4,2020
20201204,2020-12-04,Friday,December,Dec,12,4,2020
20201205,2020-12-05,Saturday,December,Dec,12,4,2020
20201206,2020-12-06,Sunday,December,Dec,12,4,2020
20201207,2020-12-07,Monday,December,Dec,12,4,2020
20201208,2020-12-08,Tuesday,December,Dec,12,4,2020
20201209,2020-12-09,Wednesday,December,Dec,12,4,2020
20201210,2020-12-10,Thursday,December,Dec,12,4,2020
20201211,2020-12-11,Friday,December,Dec,12,4,2020
20201212,2020-12-12,Saturday,December,Dec,12,4,2020
20201213,2020-12-13,Sunday,December,Dec,12,4,2020
20201214,2020-12-14,Monday,December,Dec,12,4,2020
20201215,2020-12-15,Tuesday,December,Dec,12,4,2020
20201216,2020-12-16,Wednesday,December,Dec,12,4,2020
20201217,2020-12-17,Thursday,December,Dec,12,4,2020
20201218,2020-12-18,Friday,December,Dec,12,4,2020
20201219,2020-12-19,Saturday,December,Dec,12,4,2020
20201220,2020-12-20,Sunday,December,Dec,12,4,2020
20201221,2020-12-21,Monday,December,Dec,12,4,2020
20201222,2020-12-22,Tuesday,December,Dec,12,4,2020
20201223,2020-12-23,Wednesday,December,Dec,12,4,2020
20201224,2020-12-24,Thursday,December,Dec,12,4,2020
20201225,2020-12-25,Friday,December,Dec,12,4,2020
20201226,2020-12-26,Saturday,December,Dec,12,4,2020
20201227,2020-12-27,Sunday,December,Dec,12,4,2020
20201228,2020-12-28,Monday,December,Dec,12,4,2020
20201229,2020-12-29,Tuesday,December,Dec,12,4,2020
20201230,2020-12-30,Wednesday,December,Dec,12,4,2020
20201231,2020-12-31,Thursday,December,Dec,12,4,2020
20210101,2021-01-01,Friday,January,Jan,1,1,2021
20210102,2021-01-02,Saturday,January,Jan,1,1,2021
20210103,2021-01-03,Sunday,January,Jan,1,1,2021
20210104,2021-01-04,Monday,January,Jan,1,1,2021
20210105,2021-01-05,Tuesday,January,Jan,1,1,2021
20210106,2021-01-06,Wednesday,January,Jan,1,1,2021
20210107,2021-01-07,Thursday,January,Jan,1,1,2021
20210108,2021-01-08,Friday,January,Jan,1,1,2021
20210109,2021-01-09,Saturday,January,Jan,1,1,2021
20210110,2021-01-10,Sunday,January,Jan,1,1,2021
20210111,2021-01-11,Monday,January,Jan,1,1,2021
20210112,2021-01-12,Tuesday,January,Jan,1,1,2021
20210113,2021-01-13,Wednesday,January,Jan,1,1,2021
20210114,2021-01-14,Thursday,January,Jan,1,1,2021
20210115,2021-01-15,Friday,January,Jan,1,1,2021
20210116,2021-01-16,Saturday,January,Jan,1,1,2021
20210117,2021-01-17,Sunday,January,Jan,1,1,2021
20210118,2021-01-18,Monday,January,Jan,1,1,2021
20210119,2021-01-19,Tuesday,January,Jan,1,1,2021
20210120,2021-01-20,Wednesday,January,Jan,1,1,2021
20210121,2021-01-21,Thursday,January,Jan,1,1,2021
20210122,2021-01-22,Friday,January,Jan,1,1,2021
20210123,2021-01-23,Saturday,January,Jan,1,1,2021
20210124,2021-01-24,Sunday,January,Jan,1,1,2021
20210125,2021-01-25,Monday,January,Jan,1,1,2021
20210126,2021-01-26,Tuesday,January,Jan,1,1,2021
20210127,2021-01-27,Wednesday,January,Jan,1,1,2021
20210128,2021-01-28,Thursday,January,Jan,1,1,2021
20210129,2021-01-29,Friday,January,Jan,1,1,2021
20210130,2021-01-30,Saturday,January,Jan,1,1,2021
20210131,2021-01-31,Sunday,January,Jan,1,1,2021
20210201,2021-02-01,Monday,February,Feb,2,1,2021
20210202,2021-02-02,Tuesday,February,Feb,2,1,2021
20210203,2021-02-03,Wednesday,February,Feb,2,1,2021
20210204,2021-02-04,Thursday,February,Feb,2,1,2021
20210205,2021-02-05,Friday,February,Feb,2,1,2021
20210206,2021-02-06,Saturday,February,Feb,2,1,2021
20210207,2021-02-07,Sunday,February,Feb,2,1,2021
20210208,2021-02-08,Monday,February,Feb,2,1,2021
20210209,2021-02-09,Tuesday,February,Feb,2,1,2021
20210210,2021-02-10,Wednesday,February,Feb,2,1,2021
20210211,2021-02-11,Thursday,February,Feb,2,1,2021
20210212,2021-02-12,Friday,February,Feb,2,1,2021
20210213,2021-02-13,Saturday,February,Feb,2,1,2021
20210214,2021-02-14,Sunday,February,Feb,2,1,2021
20210215,2021-02-15,Monday,February,Feb,2,1,2021
20210216,2021-02-16,Tuesday,February,Feb,2,1,2021
20210217,2021-02-17,Wednesday,February,Feb,2,1,2021
20210218,2021-02-18,Thursday,February,Feb,2,1,2021
20210219,2021-02-19,Friday,February,Feb,2,1,2021
20210220,2021-02-20,Saturday,February,Feb,2,1,2021
20210221,2021-02-21,Sunday,February,Feb,2,1,2021
20210222,2021-02-22,Monday,February,Feb,2,1,2021
20210223,2021-02-23,Tuesday,February,Feb,2,1,2021
20210224,2021-02-24,Wednesday,February,Feb,2,1,2021
20210225,2021-02-25,Thursday,February,Feb,2,1,2021
20210226,2021-02-26,Friday,February,Feb,2,1,2021
20210227,2021-02-27,Saturday,February,Feb,2,1,2021
20210228,2021-02-28,Sunday,February,Feb,2,1,2021
20210301,2021-03-01,Monday,March,Mar,3,1,2021
20210302,2021-03-02,Tuesday,March,Mar,3,1,2021
20210303,2021-03-03,Wednesday,March,Mar,3,1,2021
20210304,2021-03-04,Thursday,March,Mar,3,1,2021
20210305,2021-03-05,Friday,March,Mar,3,1,2021
20210306,2021-03-06,Saturday,March,Mar,3,1,2021
20210307,2021-03-07,Sunday,March,Mar,3,1,2021
20210308,2021-03-08,Monday,March,Mar,3,1,2021
20210309,2021-03-09,Tuesday,March,Mar,3,1,2021
20210310,2021-03-10,Wednesday,March,Mar,3,1,2021
20210311,2021-03-11,Thursday,March,Mar,3,1,2021
20210312,2021-03-12,Friday,March,Mar,3,1,2021
20210313,2021-03-13,Saturday,March,Mar,3,1,2021
20210314,2021-03-14,Sunday,March,Mar,3,1,2021
20210315,2021-03-15,Monday,March,Mar,3,1,2021
20210316,2021-03-16,Tuesday,March,Mar,3,1,2021
20210317,2021-03-17,Wednesday,March,Mar,3,1,2021
20210318,2021-03-18,Thursday,March,Mar,3,1,2021
20210319,2021-03-19,Friday,March,Mar,3,1,2021
20210320,2021-03-20,Saturday,March,Mar,3,1,2021
20210321,2021-03-21,Sunday,March,Mar,3,1,2021
20210322,2021-03-22,Monday,March,Mar,3,1,2021
20210323,2021-03-23,Tuesday,March,Mar,3,1,2021
20210324,2021-03-24,Wednesday,March,Mar,3,1,2021
20210325,2021-03-25,Thursday,March,Mar,3,1,2021
20210326,2021-03-26,Friday,March,Mar,3,1,2021
20210327,2021-03-27,Saturday,March,Mar,3,1,2021
20210328,2021-03-28,Sunday,March,Mar,3,1,2021
20210329,2021-03-29,Monday,March,Mar,3,1,2021
20210330,2021-03-30,Tuesday,March,Mar,3,1,2021
20210331,2021-03-31,Wednesday,March,Mar,3,1,2021
20210401,2021-04-01,Thursday,April,Apr,4,2,2021
20210402,2021-04-02,Friday,April,Apr,4,2,2021
20210403,2021-04-03,Saturday,April,Apr,4,2,2021
20210404,2021-04-04,Sunday,April,Apr,4,2,2021
20210405,2021-04-05,Monday,April,Apr,4,2,2021
20210406,2021-04-06,Tuesday,April,Apr,4,2,2021
20210407,2021-04-07,Wednesday,April,Apr,4,2,2021
20210408,2021-04-08,Thursday,April,Apr,4,2,2021
20210409,2021-04-09,Friday,April,Apr,4,2,2021
20210410,2021-04-10,Saturday,April,Apr,4,2,2021
20210411,2021-04-11,Sunday,April,Apr,4,2,2021
20210412,2021-04-12,Monday,April,Apr,4,2,2021
20210413,2021-04-13,Tuesday,April,Apr,4,2,2021
20210414,2021-04-14,Wednesday,April,Apr,4,2,2021
20210415,2021-04-15,Thursday,April,Apr,4,2,2021
20210416,2021-04-16,Friday,April,Apr,4,2,2021
20210417,2021-04-17,Saturday,April,Apr,4,2,2021
20210418,2021-04-18,Sunday,April,Apr,4,2,2021
20210419,2021-04-19,Monday,April,Apr,4,2,2021
20210420,2021-04-20,Tuesday,April,Apr,4,2,2021
20210421,2021-04-21,Wednesday,April,Apr,4,2,2021
20210422,2021-04-22,Thursday,April,Apr,4,2,2021
20210423,2021-04-23,Friday,April,Apr,4,2,2021
20210424,2021-04-24,Saturday,April,Apr,4,2,2021
20210425,2021-04-25,Sunday,April,Apr,4,2,2021
20210426,2021-04-26,Monday,April,Apr,4,2,2021
20210427,2021-04-27,Tuesday,April,Apr,4,2,2021
20210428,2021-04-28,Wednesday,April,Apr,4,2,2021
20210429,2021-04-29,Thursday,April,Apr,4,2,2021
20210430,2021-04-30,Friday,April,Apr,4,2,2021
20210501,2021-05-01,Saturday,May,May,5,2,2021
20210502,2021-05-02,Sunday,May,May,5,2,2021
20210503,2021-05-03,Monday,May,May,5,2,2021
20210504,2021-05-04,Tuesday,May,May,5,2,2021
20210505,2021-05-05,Wednesday,May,May,5,2,2021
20210506,2021-05-06,Thursday,May,May,5,2,2021
20210507,2021-05-07,Friday,May,May,5,2,2021
20210508,2021-05-08,Saturday,May,May,5,2,2021
20210509,2021-05-09,Sunday,May,May,5,2,2021
20210510,2021-05-10,Monday,May,May,5,2,2021
20210511,2021-05-11,Tuesday,May,May,5,2,2021
20210512,2021-05-12,Wednesday,May,May,5,2,2021
20210513,2021-05-13,Thursday,May,May,5,2,2021
20210514,2021-05-14,Friday,May,May,5,2,2021
20210515,2021-05-15,Saturday,May,May,5,2,2021
20210516,2021-05-16,Sunday,May,May,5,2,2021
20210517,2021-05-17,Monday,May,May,5,2,2021
20210518,2021-05-18,Tuesday,May,May,5,2,2021
20210519,2021-05-19,Wednesday,May,May,5,2,2021
20210520,2021-05-20,Thursday,May,May,5,2,2021
20210521,2021-05-21,Friday,May,May,5,2,2021
20210522,2021-05-22,Saturday,May,May,5,2,2021
20210523,2021-05-23,Sunday,May,May,5,2,2021
20210524,2021-05-24,Monday,May,May,5,2,2021
20210525,2021-05-25,Tuesday,May,May,5,2,2021
20210526,2021-05-26,Wednesday,May,May,5,2,2021
20210527,2021-05-27,Thursday,May,May,5,2,2021
20210528,2021-05-28,Friday,May,May,5,2,2021
20210529,2021-05-29,Saturday,May,May,5,2,2021
20210530,2021-05-30,Sunday,May,May,5,2,2021
20210531,2021-05-31,Monday,May,May,5,2,2021
20210601,2021-06-01,Tuesday,June,Jun,6,2,2021
20210602,2021-06-02,Wednesday,June,Jun,6,2,2021
20210603,2021-06-03,Thursday,June,Jun,6,2,2021
20210604,2021-06-04,Friday,June,Jun,6,2,2021
20210605,2021-06-05,Saturday,June,Jun,6,2,2021
20210606,2021-06-06,Sunday,June,Jun,6,2,2021
20210607,2021-06-07,Monday,June,Jun,6,2,2021
20210608,2021-06-08,Tuesday,June,Jun,6,2,2021
20210609,2021-06-09,Wednesday,June,Jun,6,2,2021
20210610,2021-06-10,Thursday,June,Jun,6,2,2021
20210611,2021-06-11,Friday,June,Jun,6,2,2021
20210612,2021-06-12,Saturday,June,Jun,6,2,2021
20210613,2021-06-13,Sunday,June,Jun,6,2,2021
20210614,2021-06-14,Monday,June,Jun,6,2,2021
20210615,2021-06-15,Tuesday,June,Jun,6,2,2021
20210616,2021-06-16,Wednesday,June,Jun,6,2,2021
20210617,2021-06-17,Thursday,June,Jun,6,2,2021
20210618,2021-06-18,Friday,June,Jun,6,2,2021
20210619,2021-06-19,Saturday,June,Jun,6,2,2021
20210620,2021-06-20,Sunday,June,Jun,6,2,2021
20210621,2021-06-21,Monday,June,Jun,6,2,2021
20210622,2021-06-22,Tuesday,June,Jun,6,2,2021
20210623,2021-06-23,Wednesday,June,Jun,6,2,2021
20210624,2021-06-24,Thursday,June,Jun,6,2,2021
20210625,2021-06-25,Friday,June,Jun,6,2,2021
20210626,2021-06-26,Saturday,June,Jun,6,2,2021
20210627,2021-06-27,Sunday,June,Jun,6,2,2021
20210628,2021-06-28,Monday,June,Jun,6,2,2021
20210629,2021-06-29,Tuesday,June,Jun,6,2,2021
20210630,2021-06-30,Wednesday,June,Jun,6,2,2021
20210701,2021-07-01,Thursday,July,Jul,7,3,2021
20210702,2021-07-02,Friday,July,Jul,7,3,2021
20210703,2021-07-03,Saturday,July,Jul,7,3,2021
20210704,2021-07-04,Sunday,July,Jul,7,3,2021
20210705,2021-07-05,Monday,July,Jul,7,3,2021
20210706,2021-07-06,Tuesday,July,Jul,7,3,2021
20210707,2021-07-07,Wednesday,July,Jul,7,3,2021
20210708,2021-07-08,Thursday,July,Jul,7,3,2021
20210709,2021-07-09,Friday,July,Jul,7,3,2021
20210710,2021-07-10,Saturday,July,Jul,7,3,2021
20210711,2021-07-11,Sunday,July,Jul,7,3,2021
20210712,2021-07-12,Monday,July,Jul,7,3,2021
20210713,2021-07-13,Tuesday,July,Jul,7,3,2021
20210714,2021-07-14,Wednesday,July,Jul,7,3,2021
20210715,2021-07-15,Thursday,July,Jul,7,3,2021
20210716,2021-07-16,Friday,July,Jul,7,3,2021
20210717,2021-07-17,Saturday,July,Jul,7,3,2021
20210718,2021-07-18,Sunday,July,Jul,7,3,2021
20210719,2021-07-19,Monday,July,Jul,7,3,2021
20210720,2021-07-20,Tuesday,July,Jul,7,3,2021
20210721,2021-07-21,Wednesday,July,Jul,7,3,2021
20210722,2021-07-22,Thursday,July,Jul,7,3,2021
20210723,2021-07-23,Friday,July,Jul,7,3,2021
20210724,2021-07-24,Saturday,July,Jul,7,3,2021
20210725,2021-07-25,Sunday,July,Jul,7,3,2021
20210726,2021-07-26,Monday,July,Jul,7,3,2021
20210727,2021-07-27,Tuesday,July,Jul,7,3,2021
20210728,2021-07-28,Wednesday,July,Jul,7,3,2021
20210729,2021-07-29,Thursday,July,Jul,7,3,2021
20210730,2021-07-30,Friday,July,Jul,7,3,2021
20210731,2021-07-31,Saturday,July,Jul,7,3,2021
20210801,2021-08-01,Sunday,August,Aug,8,3,2021
20210802,2021-08-02,Monday,August,Aug,8,3,2021
20210803,2021-08-03,Tuesday,August,Aug,8,3,2021
20210804,2021-08-04,Wednesday,August,Aug,8,3,2021
20210805,2021-08-05,Thursday,August,Aug,8,3,2021
20210806,2021-08-06,Friday,August,Aug,8,3,2021
20210807,2021-08-07,Saturday,August,Aug,8,3,2021
20210808,2021-08-08,Sunday,August,Aug,8,3,2021
20210809,2021-08-09,Monday,August,Aug,8,3,2021
20210810,2021-08-10,Tuesday,August,Aug,8,3,2021
20210811,2021-08-11,Wednesday,August,Aug,8,3,2021
20210812,2021-08-12,Thursday,August,Aug,8,3,2021
20210813,2021-08-13,Friday,August,Aug,8,3,2021
20210814,2021-08-14,Saturday,August,Aug,8,3,2021
20210815,2021-08-15,Sunday,August,Aug,8,3,2021
20210816,2021-08-16,Monday,August,Aug,8,3,2021
20210817,2021-08-17,Tuesday,August,Aug,8,3,2021
20210818,2021-08-18,Wednesday,August,Aug,8,3,2021
20210819,2021-08-19,Thursday,August,Aug,8,3,2021
20210820,2021-08-20,Friday,August,Aug,8,3,2021
20210821,2021-08-21,Saturday,August,Aug,8,3,2021
20210822,2021-08-22,Sunday,August,Aug,8,3,2021
20210823,2021-08-23,Monday,August,Aug,8,3,2021
20210824,2021-08-24,Tuesday,August,Aug,8,3,2021
20210825,2021-08-25,Wednesday,August,Aug,8,3,2021
20210826,2021-08-26,Thursday,August,Aug,8,3,2021
20210827,2021-08-27,Friday,August,Aug,8,3,2021
20210828,2021-08-28,Saturday,August,Aug,8,3,2021
20210829,2021-08-29,Sunday,August,Aug,8,3,2021
20210830,2021-08-30,Monday,August,Aug,8,3,2021
20210831,2021-08-31,Tuesday,August,Aug,8,3,2021
20210901,2021-09-01,Wednesday,September,Sep,9,3,2021
20210902,2021-09-02,Thursday,September,Sep,9,3,2021
20210903,2021-09-03,Friday,September,Sep,9,3,2021
20210904,2021-09-04,Saturday,September,Sep,9,3,2021
20210905,2021-09-05,Sunday,September,Sep,9,3,2021
20210906,2021-09-06,Monday,September,Sep,9,3,2021
20210907,2021-09-07,Tuesday,September,Sep,9,3,2021
20210908,2021-09-08,Wednesday,September,Sep,9,3,2021
20210909,2021-09-09,Thursday,September,Sep,9,3,2021
20210910,2021-09-10,Friday,September,Sep,9,3,2021
20210911,2021-09-11,Saturday,September,Sep,9,3,2021
20210912,2021-09-12,Sunday,September,Sep,9,3,2021
20210913,2021-09-13,Monday,September,Sep,9,3,2021
20210914,2021-09-14,Tuesday,September,Sep,9,3,2021
20210915,2021-09-15,Wednesday,September,Sep,9,3,2021
20210916,2021-09-16,Thursday,September,Sep,9,3,2021
20210917,2021-09-17,Friday,September,Sep,9,3,2021
20210918,2021-09-18,Saturday,September,Sep,9,3,2021
20210919,2021-09-19,Sunday,September,Sep,9,3,2021
20210920,2021-09-20,Monday,September,Sep,9,3,2021
20210921,2021-09-21,Tuesday,September,Sep,9,3,2021
20210922,2021-09-22,Wednesday,September,Sep,9,3,2021
20210923,2021-09-23,Thursday,September,Sep,9,3,2021
20210924,2021-09-24,Friday,September,Sep,9,3,2021
20210925,2021-09-25,Saturday,September,Sep,9,3,2021
20210926,2021-09-26,Sunday,September,Sep,9,3,2021
20210927,2021-09-27,Monday,September,Sep,9,3,2021
20210928,2021-09-28,Tuesday,September,Sep,9,3,2021
20210929,2021-09-29,Wednesday,September,Sep,9,3,2021
20210930,2021-09-30,Thursday,September,Sep,9,3,2021
20211001,2021-10-01,Friday,October,Oct,10,4,2021
20211002,2021-10-02,Saturday,October,Oct,10,4,2021
20211003,2021-10-03,Sunday,October,Oct,10,4,2021
20211004,2021-10-04,Monday,October,Oct,10,4,2021
20211005,2021-10-05,Tuesday,October,Oct,10,4,2021
20211006,2021-10-06,Wednesday,October,Oct,10,4,2021
20211007,2021-10-07,Thursday,October,Oct,10,4,2021
20211008,2021-10-08,Friday,October,Oct,10,4,2021
20211009,2021-10-09,Saturday,October,Oct,10,4,2021
20211010,2021-10-10,Sunday,October,Oct,10,4,2021
20211011,2021-10-11,Monday,October,Oct,10,4,2021
20211012,2021-10-12,Tuesday,October,Oct,10,4,2021
20211013,2021-10-13,Wednesday,October,Oct,10,4,2021
20211014,2021-10-14,Thursday,October,Oct,10,4,2021
20211015,2021-10-15,Friday,October,Oct,10,4,2021
20211016,2021-10-16,Saturday,October,Oct,10,4,2021
20211017,2021-10-17,Sunday,October,Oct,10,4,2021
20211018,2021-10-18,Monday,October,Oct,10,4,2021
20211019,2021-10-19,Tuesday,October,Oct,10,4,2021
20211020,2021-10-20,Wednesday,October,Oct,10,4,2021
20211021,2021-10-21,Thursday,October,Oct,10,4,2021
20211022,2021-10-22,Friday,October,Oct,10,4,2021
20211023,2021-10-23,Saturday,October,Oct,10,4,2021
20211024,2021-10-24,Sunday,October,Oct,10,4,2021
20211025,2021-10-25,Monday,October,Oct,10,4,2021
20211026,2021-10-26,Tuesday,October,Oct,10,4,2021
20211027,2021-10-27,Wednesday,October,Oct,10,4,2021
20211028,2021-10-28,Thursday,October,Oct,10,4,2021
20211029,2021-10-29,Friday,October,Oct,10,4,2021
20211030,2021-10-30,Saturday,October,Oct,10,4,2021
20211031,2021-10-31,Sunday,October,Oct,10,4,2021
20211101,2021-11-01,Monday,November,Nov,11,4,2021
20211102,2021-11-02,Tuesday,November,Nov,11,4,2021
20211103,2021-11-03,Wednesday,November,Nov,11,4,2021
20211104,2021-11-04,Thursday,November,Nov,11,4,2021
20211105,2021-11-05,Friday,November,Nov,11,4,2021
20211106,2021-11-06,Saturday,November,Nov,11,4,2021
20211107,2021-11-07,Sunday,November,Nov,11,4,2021
20211108,2021-11-08,Monday,November,Nov,11,4,2021
20211109,2021-11-09,Tuesday,November,Nov,11,4,2021
20211110,2021-11-10,Wednesday,November,Nov,11,4,2021
20211111,2021-11-11,Thursday,November,Nov,11,4,2021
20211112,2021-11-12,Friday,November,Nov,11,4,2021
20211113,2021-11-13,Saturday,November,Nov,11,4,2021
20211114,2021-11-14,Sunday,November,Nov,11,4,2021
20211115,2021-11-15,Monday,November,Nov,11,4,2021
20211116,2021-11-16,Tuesday,November,Nov,11,4,2021
20211117,2021-11-17,Wednesday,November,Nov,11,4,2021
20211118,2021-11-18,Thursday,November,Nov,11,4,2021
20211119,2021-11-19,Friday,November,Nov,11,4,2021
20211120,2021-11-20,Saturday,November,Nov,11,4,2021
20211121,2021-11-21,Sunday,November,Nov,11,4,2021
20211122,2021-11-22,Monday,November,Nov,11,4,2021
20211123,2021-11-23,Tuesday,November,Nov,11,4,2021
20211124,2021-11-24,Wednesday,November,Nov,11,4,2021
20211125,2021-11-25,Thursday,November,Nov,11,4,2021
20211126,2021-11-26,Friday,November,Nov,11,4,2021
20211127,2021-11-27,Saturday,November,Nov,11,4,2021
20211128,2021-11-28,Sunday,November,Nov,11,4,2021
20211129,2021-11-29,Monday,November,Nov,11,4,2021
20211130,2021-11-30,Tuesday,November,Nov,11,4,2021
20211201,2021-12-01,Wednesday,December,Dec,12,4,2021
20211202,2021-12-02,Thursday,December,Dec,12,4,2021
20211203,2021-12-03,Friday,December,Dec,12,4,2021
20211204,2021-12-04,Saturday,December,Dec,12,4,2021
20211205,2021-12-05,Sunday,December,Dec,12,4,2021
20211206,2021-12-06,Monday,December,Dec,12,4,2021
20211207,2021-12-07,Tuesday,December,Dec,12,4,2021
20211208,2021-12-08,Wednesday,December,Dec,12,4,2021
20211209,2021-12-09,Thursday,December,Dec,12,4,2021
20211210,2021-12-10,Friday,December,Dec,12,4,2021
20211211,2021-12-11,Saturday,December,Dec,12,4,2021
20211212,2021-12-12,Sunday,December,Dec,12,4,2021
20211213,2021-12-13,Monday,December,Dec,12,4,2021
20211214,2021-12-14,Tuesday,December,Dec,12,4,2021
20211215,2021-12-15,Wednesday,December,Dec,12,4,2021
20211216,2021-12-16,Thursday,December,Dec,12,4,2021
20211217,2021-12-17,Friday,December,Dec,12,4,2021
20211218,2021-12-18,Saturday,December,Dec,12,4,2021
20211219,2021-12-19,Sunday,December,Dec,12,4,2021
20211220,2021-12-20,Monday,December,Dec,12,4,2021
20211221,2021-12-21,Tuesday,December,Dec,12,4,2021
20211222,2021-12-22,Wednesday,December,Dec,12,4,2021
20211223,2021-12-23,Thursday,December,Dec,12,4,2021
20211224,2021-12-24,Friday,December,Dec,12,4,2021
20211225,2021-12-25,Saturday,December,Dec,12,4,2021
20211226,2021-12-26,Sunday,December,Dec,12,4,2021
20211227,2021-12-27,Monday,December,Dec,12,4,2021
20211228,2021-12-28,Tuesday,December,Dec,12,4,2021
20211229,2021-12-29,Wednesday,December,Dec,12,4,2021
20211230,2021-12-30,Thursday,December,Dec,12,4,2021
20211231,2021-12-31,Friday,December,Dec,12,4,2021
